"","PlayerId","NameFirst","NameLast","CurrentHandle","CountryCode","TotalUSDPrize"
"1",19968,"Won Ho","Jeong","KyoCha","kr","465268.99"
"2",18570,"Jung Hyeog","Lee","sake","kr","462790.78"
"3",15718,"Jae Won","Lee","Rich","kr","427923.28"
"4",18568,"Jin Woo","Im","Reset","kr","360093.52"
"5",15724,"Woon Sung","Kang","Ttsst","kr","353715.98"
"6",17549,"Jonathan","Gunnarsson","Wubby","se","264826.14"
"7",1014,"Seung Chul","Kim","sCsC","kr","239311.62"
"8",15602,"Joshua","Bennett","Snitch","gb","238798.57"
"9",16241,"Jérome","Trinh","JayPL","fr","229170.87"
"10",21221,"Ji Hoon","Yoon","Sign","kr","211104.46"
"11",23618,"Jeong Ha","Lee","Jeongha","kr","200447.42"
"12",15751,"Simon","Svensson","Schwimpi","se","191647.23"
"13",15748,"Pontus","Sjogren","Breez","se","187978.31"
"14",18573,"Tae Jun","Lee","merryday","kr","184790.78"
"15",22236,"Filip","Liljeström","Smexystyle","se","184411.26"
"16",11920,"Dob","Engström","QuackNiix","se","180964.31"
"17",1049,"Do Joon","Chae","Noblesse","kr","164811.62"
"18",18572,"Jae Hun","Jin","Lockdown","kr","156959.11"
"19",28356,"Seung Won","Kim","Swoy","kr","151828.25"
"20",15426,"Fan","Yang","Fan","us","149391.76"
"21",30547,"Kenn Øster","Rasmussen","Zaelia","dk","147500.00"
"22",25039,"Jin Su","Park","NachoJin","kr","146932.17"
"23",20908,"Thomas","Cailleux","Ménè","fr","146169.84"
"24",14529,"John Paul","Lopez","KingCaffeine","us","138297.16"
"25",12075,"Keiwan","Itakura","k1","us","138237.16"
"26",14011,"James","Baker","Bakery","gb","134818.57"
"27",1091,"Tae Hoon","Kwon","Sniper","kr","128659.74"
"28",18569,"Yeong Hwan","Jing","Hide","kr","124992.02"
"29",16733,"Lunhan","Kang","XingC","cn","122420.01"
"30",7405,"Lawrence","Harper","Atheroangel","gb","120263.57"
"31",14972,"Vilhem","Flennmark","POILK","se","114751.80"
"32",18797,"Hanfei","Chen","Tiger","cn","114207.06"
"33",1233,"Dennis","Schneider","HasuObs","de","113047.26"
"34",6565,"Kun","Fang","iDream","cn","112337.16"
"35",16730,"Zhihao","Wu","Tumi","cn","112170.41"
"36",23619,"Ju Dam","Park","dami","kr","109714.80"
"37",15735,"Ben","Bunk","Cattlepillar","de","107328.04"
"38",14122,"Lyubomir","Kozlovski","Splendour","bg","106462.18"
"39",20208,"Xiangzhi","Zheng","melodyC","cn","106288.65"
"40",14440,"Adrian","Wójcik","adrd","pl","103282.92"
"41",12389,"Nils","Gebhardt","Nurok","de","102971.54"
"42",14531,"Mike","Fisk","Glaurung","us","97856.20"
"43",16732,"Tuo","Li","NccCc","cn","97833.37"
"44",2805,"Chris","Buechter","Zuna","us","94813.80"
"45",26616,"Jun","Jang","Jun","kr","94199.70"
"46",15750,"Alexander","Milanov","ethernal","bg","93149.29"
"47",1134,"Ki Soo","Han","CrazymoviNG","kr","93131.84"
"48",28605,"Jong Hoon","Park","Hooligan","kr","92397.81"
"49",15431,"Manny","Medina","Fury","us","90237.51"
"50",14564,"Lizhong","Zhou","Misaka","cn","90136.72"
"51",23617,"Dae Hyung","Lee","Hongcono","kr","89214.80"
"52",1352,"Li Wei","Sun","xiaOt","cn","88040.91"
"53",7208,"Guo","Jiayi","Gemini","cn","87834.52"
"54",14568,"Hao","Pu","m","cn","86588.90"
"55",22243,"Simon","Tabin","Darkmok","de","86244.13"
"56",6023,"Jae Hyun","Park","JaeHyun","kr","85836.53"
"57",38902,"Hyun Tae","Kim","SDE","kr","84500.00"
"58",17414,"Alexander","Grumstrup","AlexTheProG","dk","83962.45"
"59",25047,"Harrison","Chang","psalm","us","80661.20"
"60",21705,"Jin Hwan","Kim","Magi","kr","79790.68"
"61",27953,"Benjamin","Eekenulv","BadBenny","se","78994.21"
"62",14528,"Ricardo","Marques","DunkTrain","us","77997.16"
"63",14001,"Matic","Mikec","Zarmony","si","75978.57"
"64",17402,"Jing","Gu","Aloof","cn","75648.35"
"65",18574,"Jize","Song","sk","cn","75380.40"
"66",15428,"Stafford","Mcintyre","McIntyre","us","73817.60"
"67",6066,"Taylor","Eder","Arthelon","us","73072.60"
"68",17550,"Ivan","Koturić","Sportbilly","hr","72193.01"
"69",27955,"Dominic","Asal","Nic","de","70537.94"
"70",28607,"Sung Hyun","Moon","Good","kr","70434.23"
"71",19422,"Jing","Chen","Xuyu","cn","69791.28"
"72",21943,"Niklas","Skogheim","Cursen","no","67862.48"
"73",1163,"Rori","Bryant-Raible","CauthonLuck","us","67720.00"
"74",29443,"Chandler","Gavran","Buds","us","66868.10"
"75",29444,"Justin","Gapp","Justing","us","66868.10"
"76",21718,"Sammuel","Hua","bigempct","us","66763.80"
"77",20604,"Yu Yen","Su","GoDDog","tw","65965.06"
"78",22244,"Markus","Hanke","Blumbi","de","65525.96"
"79",12396,"Christoph","Gowitzke","Cris","de","65516.28"
"80",21715,"Stefen","Anderson","akaface","us","64763.40"
"81",21719,"Michael","Udall","MichaelUdall","us","64763.40"
"82",20525,"Francisco","Avalos","Goku","ca","64412.60"
"83",25597,"Khalif","Hashim","Khroen","us","63634.48"
"84",1120,"Kyung Deok","Kim","duckdeok","kr","63405.80"
"85",20516,"Kyle","Belaiche","Prismaticism","ca","61318.93"
"86",21427,"Zhihao","Zhang","zZH","cn","60952.31"
"87",26991,"Jerome","Tanguay","KilluZiioN","ca","58692.02"
"88",14570,"Tianze","Chen","canjian","cn","58569.42"
"89",32505,"Tae Seok","Oh","taeseok","kr","57792.00"
"90",33385,"Liam","Simpson","Arcaner","au","57228.00"
"91",21426,"Qian","Li","Qx","cn","57198.20"
"92",21709,"Seong Min","Min","Darvish","kr","55970.05"
"93",23446,"Chun Yu","Wu","Alphaluna","tw","53541.00"
"94",21419,"Jiawei","Zhang","Kty","cn","52978.13"
"95",38806,"Phillipe","Laberge","Nazmas","ca","52480.69"
"96",28390,"Merek","Kangas","zugrug","ca","52136.85"
"97",26996,"Thomas","Maguire","Tomster","us","51963.14"
"98",9840,"Josh","Choi","bkid","us","51453.40"
"99",28606,"Jae Yeop","Jeong","Frankle","kr","50572.68"
"100",31831,"Gu","Junfeng","Wind","cn","50549.34"
"101",11747,"Martin","Rugh","Crozzby","dk","50545.96"
"102",23444,"Yung Hsiu","Lai","Scroll","tw","50527.27"
"103",38807,"Dane","Coleman","daneski","us","50000.00"
"104",31830,"Haiyu","Ling","365","cn","49019.22"
"105",43202,"Qu","Jinlong","SoAp","cn","48811.31"
"106",21721,"Daniel","González","Shad","es","48367.03"
"107",22735,"Robert","Purling","robadobah","au","48275.49"
"108",13876,"Raphael","Tsantili","Hosty","ca","47530.99"
"109",36934,"Jin Hak","Jang","Modern","kr","47000.00"
"110",20519,"Yusuf","Sunka","Kure","us","45118.32"
"111",14526,"Ken","Buechter","Kenma","us","44863.80"
"112",42807,"Hyeong Sik","Yu","Gondar","kr","44555.43"
"113",13277,"Maksym","Szczypa","Mopsio","pl","44338.58"
"114",18945,"Juan","Schritte","Jschritte","br","44205.52"
"115",21418,"Yiran","Xu","Six","cn","44131.30"
"116",26985,"Haejoon","Lee","Wiz","kr","44020.00"
"117",32504,"Doo Hyun","Ko","DDuDDu","kr","43792.00"
"118",23135,"Jan","Kramer","WolfJoe","de","43204.68"
"119",20914,"Alexander","Remmerswaal","Remmerballer","nl","43158.70"
"120",20606,"Qi Hua","Li","Baphomet","tw","42825.14"
"121",23451,"Chun-Hao","Fan","ZoLa","tw","42744.00"
"122",47787,"Zhang","Tianqi","Meng","cn","42483.06"
"123",4397,"Fran","Núñez","GranPkt","es","42409.18"
"124",47789,"Liu","Zhijian","Hugo","cn","42392.00"
"125",47790,"Shen","Yi","HEHE","cn","42392.00"
"126",17525,"Rainer","Wöß","nande","at","42242.63"
"127",18246,"Jon","Peterson","Equinox","us","41880.00"
"128",14565,"Chengwei","Wu","Paradise","cn","41107.68"
"129",38808,"Skylar","Mulder","Casanova","us","40279.34"
"130",10972,"Jun Young","Son","Kong","kr","40252.27"
"131",48970,"Yeon","Kim","BlueB2tle","kr","38872.36"
"132",31834,"Jin","Yang","loktar","cn","38032.92"
"133",42822,"Vincent","Alonso","Lutano","us","37952.19"
"134",47138,"Chase","Dixon","BBJ","us","37607.94"
"135",32508,"Jung Woo","Kim","H82","kr","37292.00"
"136",19408,"Zhan","Fang","Sa","cn","37075.65"
"137",24853,"Mei","Linsen","Sr","cn","37005.68"
"138",15745,"Jeffrey","Dolan","iakona","us","35070.00"
"139",47139,"Chris","Martin","Ishb00","us","34927.60"
"140",24692,"Benjamin","Vinante-Davies","Fat94","au","34647.75"
"141",32507,"Sang Min","Na","NaSang","kr","33792.00"
"142",44549,"Jinze","Zhou","Zjz","cn","33789.95"
"143",47788,"Chen","Qian","Lucky","cn","33718.77"
"144",44548,"Kaixiang","Zhuang","619","cn","33657.06"
"145",22579,"Marcus","Granland","`Makke","se","32972.80"
"146",14563,"Liu","Tao","CNNo1","cn","32259.48"
"147",16731,"Jialong","Xu","Savage","cn","32196.95"
"148",14000,"Mark","Šepec","Linked","si","32152.87"
"149",15432,"Aaron","Kappes","erho","us","31980.00"
"150",17397,"Wenbo","Lv","Lucien","cn","31139.54"
"151",26992,"Kevin","Marco","TalkingTrees","us","30290.00"
"152",28602,"Jun Hyun","Lee","ncht","kr","30249.00"
"153",23621,"Ju Hyoung","Kim","Jocker","kr","30203.31"
"154",23237,"Jason","Mei","Jason","us","30153.80"
"155",38809,"Ed","Hong","TigerJK","us","30073.03"
"156",26619,"Quinn","Fischer","Srey","ca","28370.00"
"157",20523,"Francis","Gilbert-Brodeur","aPm","ca","28360.00"
"158",28360,"Dong Young","Kim","BDG","kr","28166.22"
"159",28358,"Hyun Woo","Lee","ZZANGMAN","kr","27490.60"
"160",51694,"Qi Ren","Hu","LLK","cn","27308.86"
"161",27950,"Mikołaj","Potera","PotiBoss","pl","27151.01"
"162",48963,"Mateusz","Michalski","Deeaybe","pl","27049.49"
"163",23622,"Sang Hoon","Seo","Hamelin","kr","26951.91"
"164",23624,"Jeong Rae","Roh","nmx31","kr","26951.91"
"165",48962,"Arkadiusz","Czarnecki","Bl3kitny","pl","26943.41"
"166",32753,"Nicholas","Broyles","Drated","us","26655.76"
"167",14566,"Xuexiang","Liu","sw770","cn","26249.76"
"168",14525,"Kurt","Orcher","Kaeyoh","us","26115.00"
"169",51693,"Jin Yu","Wang","Dancing","cn","25606.00"
"170",51692,"Qun Ni","Peng","Druid","cn","25308.86"
"171",26986,"Orie","Gue","YoDa","us","25091.20"
"172",51698,"Zhiming","Shi","Kyaru","cn","24663.26"
"173",31833,"Lin","Junyi","chicken","cn","24396.84"
"174",32732,"Shun","Yuan","feiye","cn","24382.41"
"175",14523,"Josh","Miller","So1dier","us","24165.00"
"176",14003,"Arturs","Hlibovs","bkbgrnrjefek","lv","23924.42"
"177",3353,"Orie","Guo","Yoda","us","23500.00"
"178",51699,"Yusheng","Zhang","Sea","cn","23247.85"
"179",15733,"Kayla","Murray","Faye","us","23200.00"
"180",20204,"Xiaoliang","Huang","liang","cn","23150.92"
"181",18567,"Byeong Gwan","Kim","Kinnu","kr","23004.56"
"182",18940,"Rodrigo","Lopes","Vieira","br","22934.67"
"183",28359,"Sang Won","Baek","JoJu","kr","22350.00"
"184",21225,"Chen","Qiang","uncleG","cn","22251.31"
"185",12334,"Tobias","Podeszwa","RaidbawZ","de","22130.44"
"186",32509,"Jin Young","Lee","Sans","kr","21792.00"
"187",48975,"Sang Jun","Lee","Aimer","kr","21297.06"
"188",26993,"Chris","Beery","Darkchimaera","us","21277.51"
"189",23448,"Tsung Han","Wu","Rival","tw","21100.43"
"190",33394,"Jack","Rees","john","au","21016.00"
"191",51689,"Zihao","Song","Three","cn","20930.87"
"192",14524,"Wade","Penfold","Dreadnaught","us","20815.00"
"193",48980,"Chul","Kwan","Kcb","kr","20704.68"
"194",6030,"Yi I-Meng","Lai","GarnetDevil","tw","20605.44"
"195",20526,"Michael","Luo","Mirr","sg","20512.24"
"196",51816,"Hangge","Qi","twt","cn","20363.03"
"197",26990,"Damian","Nagel","FrozenX","us","20270.00"
"198",20529,"Bjorn","Ong","Zeys","sg","20212.24"
"199",32636,"Oscar","Svanberg","Gnappe","se","20160.00"
"200",37026,"Wook","Jang","Hanatan","kr","20000.00"
"201",42809,"-","-","MSG","kr","20000.00"
"202",48966,"Sen","Zhong","Figgy","ca","20000.00"
"203",48967,"Drew","Papazian","Swabs","us","20000.00"
"204",48969,"Shawn","Boyle","Jin","us","20000.00"
"205",48971,"Hong","Lee","Milqyway","kr","20000.00"
"206",48976,"Jung","Yoo","Liu","kr","20000.00"
"207",48977,"Oh","Young","Ojae","kr","20000.00"
"208",36482,"Matthew","Dang","Vanilla","au","19816.00"
"209",36937,"Kim Fung","Wong","Kim","hk","19609.08"
"210",19423,"Yukai","Chen","Wings","cn","19600.26"
"211",5346,"Jingyang","Ren","EleGaNt","cn","19418.43"
"212",44551,"Su","Chen","mJ","cn","19129.31"
"213",14569,"Kai","Zhang","kaerdiar","cn","19063.66"
"214",23449,"Ting-Rui","Chen","Lulumi","tw","18802.60"
"215",17528,"Anthony","Lossec","Danatan","fr","18771.53"
"216",43201,"Dong","Yiqi","infinity","cn","18620.42"
"217",36936,"Hsiang Chun","Yen","ktfor","tw","18130.48"
"218",35532,"Yiyang","Gao","Moli","cn","17881.51"
"219",18943,"Murillo","Tuchtenhagen","murizzz","br","17834.67"
"220",15739,"Vsevolod","Demianenko","CEBKAJE","ua","17700.34"
"221",19411,"Yifan","Wu","Kiteww","cn","17655.35"
"222",18802,"Jiazuo","Duan","Kid","cn","17606.64"
"223",25669,"Shi","Weitian","xxxxxTq","cn","17236.60"
"224",28354,"Jae Song","Woo","Woojae","kr","17187.00"
"225",2943,"Alex","Smith","Ninja","au","17023.75"
"226",19488,"Roberto","Alves","betogg","br","16964.39"
"227",22736,"Young","Kang","Sashin","au","16895.49"
"228",51696,"Pin Chao","Lu","feedB","cn","16832.01"
"229",20518,"David","Young","Roflcopter","us","16790.00"
"230",39496,"Chia Lin","Li","booy005","tw","16684.00"
"231",51706,"Ruoran","Xu","wang","cn","16620.42"
"232",52877,"Vi","Nguyen","ViN","us","16600.00"
"233",15742,"Iliya","Grigoriev","unnstable","ru","16456.25"
"234",55063,"Jianhao","Wu","Carlo","cn","16429.80"
"235",23236,"Marty","Nivinski","Batterry","us","16340.00"
"236",18939,"Matheus","Santos","Typhex","br","16338.19"
"237",51817,"Cao","Zheng","hope","cn","16184.31"
"238",23450,"En Yu","Liu","Austinger","tw","16136.68"
"239",20202,"Dou","Dou","Dd","cn","16085.24"
"240",20203,"Qiusong","An","Guij","cn","16085.24"
"241",20205,"Tao","Yang","xiaod","cn","16085.24"
"242",44550,"Ju","Ran","bAd","cn","16072.18"
"243",51702,"Peng Liu","Xin","Timeless","cn","16043.69"
"244",10985,"Ronel","Tan","Stronger","ph","15775.00"
"245",29610,"Zhiwei","Chen","Gd","cn","15687.92"
"246",24274,"Zac","Peters","Daspurtz","au","15600.00"
"247",51697,"Nong Fu","Yi","Jaina","cn","15272.70"
"248",29442,"Hao","Nguyen","HaoNguyen","ca","15100.00"
"249",48964,"Johan","Lauber","Lauber","se","15070.46"
"250",42821,"Cesar","Peterson","Homicidal","us","15000.00"
"251",8505,"Oleg","Bondarenko","PowerOfDreams","ua","14500.00"
"252",1276,"Pedro","Moreno Durán","LucifroN","es","14444.64"
"253",1280,"Juan","Moreno Durán","VortiX","es","14444.64"
"254",29867,"-","-","HaeBiN","kr","14387.30"
"255",14007,"Joaquim","Fitas","Lowell","pt","14054.16"
"256",9926,"Vladislav","Zelinsky","Neon","ru","14000.00"
"257",20915,"Sebastian","Petraschke","bLaDe","de","13916.20"
"258",51701,"Yu Wang","Hao","Hape","cn","13808.88"
"259",20916,"Christopher","Zerbe","chriZplosion","de","13658.70"
"260",15752,"Raoul","Saurbier","GerdamHerd","de","13602.53"
"261",17396,"Chi","Ma","Exia","cn","13480.64"
"262",20547,"Raizo","Ichikawa","Harharr","ph","13300.00"
"263",30773,"-","-","Ezz","kr","13071.62"
"264",55485,"Yibo","Zhao","lius","cn","13044.60"
"265",17529,"Bryan","Tremel","Arrakëën","fr","12692.77"
"266",42886,"Chien Tu","Meng","Virgil","tw","12666.80"
"267",42808,"-","-","OhDuck","kr","12630.62"
"268",39909,"Tae Hyung","Ryoo","Ryoo","au","12488.00"
"269",21946,"Nikita","Medvedev","zwHydra","ru","12325.58"
"270",29478,"Gilles","Pfendler","TankFtw","fr","12269.90"
"271",3402,"Tao","Hu","Top","cn","12232.18"
"272",19407,"Qi","Chang","Bao","cn","12224.21"
"273",20201,"Lu","Qu","sby","cn","12148.93"
"274",23447,"Huang","Kai-Wei","BlueWay","tw","12103.60"
"275",14746,"Cristofer","Embareck","Blackscorp","fr","11705.76"
"276",37680,"Thibault","Priol","Kirwa","fr","11255.90"
"277",15600,"Oskar","Halamus","Jowe","pl","11203.96"
"278",51704,"Zhou","Hao","FreeShow","cn","11134.40"
"279",4493,"Víctor","Sánchez","Falcon","es","11105.76"
"280",1881,"Łukasz","Mirek","Leofromkorea","pl","11072.05"
"281",1931,"Piotr","Muzolf","Nicker","pl","11072.05"
"282",11565,"Bartosz","Kosmacz","Szychu","pl","11072.05"
"283",17395,"Shuoyu","Yang","Tresor","cn","10738.54"
"284",48979,"Jung","Lee","HERO","kr","10516.96"
"285",44237,"-","-","Meinkraft","de","10500.00"
"286",49808,"Petar","Kovačević","LastHope","rs","10500.00"
"287",55048,"Andrew","Chi","Droplets","ca","10279.34"
"288",55045,"Hyung Hyuk","Lee","kirisaku","kr","10242.10"
"289",13646,"Kai","Oset","Antihero","de","10230.00"
"290",27940,"Anton","Lotirev","SirIceCream","ru","10220.73"
"291",29609,"Haibo","Li","yaoyao","cn","10151.76"
"292",42812,"Arian","Qazimi","Cronaz","ch","10100.00"
"293",25595,"Zachary","Hacker","insomnia","us","10093.48"
"294",10927,"Gun Hee","Jung","Gunza","kr","10000.00"
"295",33422,"Neil","Juan","Nsj","ph","10000.00"
"296",38903,"Jang Hyun","Chun","Scarlet","kr","10000.00"
"297",42810,"-","-","Tekaaluk","kr","10000.00"
"298",42811,"Emilian","Ćwiok","Xay3","pl","10000.00"
"299",48961,"Mikkel","Villangen","Roskmeg","no","10000.00"
"300",48965,"Aaron","Ware","Aware","us","10000.00"
"301",48968,"Justin","Chou","Tea","ca","10000.00"
"302",48972,"Jin","Lee","Overlord","kr","10000.00"
"303",48973,"Ho","Yu","Relic","kr","10000.00"
"304",48974,"Hyuk","Seo","Tseron","kr","10000.00"
"305",48978,"Hyun","Park","Gaemi","kr","10000.00"
"306",48981,"Tae","Nam","Rush","kr","10000.00"
"307",48982,"Jae","Kim","Witcher","kr","10000.00"
"308",55046,"Joon Hee","Lee","Alex","kr","10000.00"
"309",55047,"Kun Hee","Hong","Bentham","kr","10000.00"
"310",21217,"Kieron","Goli","Enavir","ph","9900.00"
"311",51703,"Zhou Liao","Nan","ATui","cn","9199.87"
"312",42887,"Cheng En","Dai","CuCumber","tw","8965.20"
"313",29266,"Túlio","Chebli","Tulin","br","8951.53"
"314",51824,"-","-","Bruiser","cn","8867.53"
"315",47786,"Yu","Song","Zado","cn","8828.07"
"316",54196,"Zhang","Chi","OoZ","cn","8696.40"
"317",55483,"Lei","Gao","sparkBZ","cn","8696.40"
"318",55486,"Chao","Yang","Pomii","cn","8696.40"
"319",20545,"Yancy","Ong","Hyskoa","ph","8550.00"
"320",32826,"Joseph","Caro","Surprise","pe","8550.00"
"321",6237,"Neil Cedric","San Juan","VYY","ph","8400.00"
"322",28350,"Christian","Miranda","Dblank","pe","8383.33"
"323",43199,"Shenyang","Ye","st","cn","8348.20"
"324",51690,"Xinteng","Hua","sry","cn","8342.71"
"325",51691,"Tian Long","Gao","LCLONG","cn","8342.71"
"326",19409,"Xu","Huang","Xiny","cn","8297.66"
"327",33387,"Andrew","Moffatt","Penta","au","8252.00"
"328",51700,"Ying Nan","Bi","pao","cn","8108.03"
"329",20521,"Richard","Tran","Kladeous","us","7890.00"
"330",25668,"He","Jia","520","cn","7865.20"
"331",25671,"Cheng","Lei","iceMan","cn","7865.20"
"332",39497,"I-Hsun","Li","hikari","tw","7610.30"
"333",24253,"Kris","Va'afusuaga","kva","nz","7579.75"
"334",51823,"-","-","STukov","cn","7164.67"
"335",51825,"-","-","Oleilei","cn","7164.67"
"336",19701,"Emanuel","Bąk","Baczek","pl","7092.61"
"337",17405,"Zhou","Lv","Sco","cn","6952.86"
"338",36935,"-","-","PAPAPA","tw","6942.28"
"339",24693,"Joshua","Hackett","Hacky","au","6879.75"
"340",19412,"Haoyang","Sun","Shy","cn","6832.08"
"341",7354,"Haonan","Xu","KingCN","cn","6734.20"
"342",49991,"Wei-Hao","Wang","IMmORTaL","tw","6688.80"
"343",14842,"Zhenhua","Wang","masterMao","cn","6598.05"
"344",29611,"Yongfei","Fang","Ymonk","cn","6587.72"
"345",15723,"Ji Moon","Kim","mdk","kr","6450.00"
"346",49128,"Geoffrey","Li","madhax","au","6350.00"
"347",51815,"-","-","RongBGG","cn","6203.22"
"348",1161,"Giacomo","Thüs","Socke","de","6117.96"
"349",33386,"-","-","DeMiSe000","au","6116.00"
"350",7092,"Finn","Lasse Fries","ShadowmaRe","de","6054.59"
"351",15427,"Brian","Skarda","Zixz","us","6020.00"
"352",33399,"Jeremy","Setio","Moops","au","5848.00"
"353",20212,"Yi","Wang","Aguai","cn","5847.11"
"354",39911,"Aaron","Duff","TheShadow","nz","5760.00"
"355",24852,"Jiang","Chenke","Lx23","cn","5735.30"
"356",15430,"Draw","Trummel","Trummel","us","5730.00"
"357",20522,"Eugene","Tseng","Yuuj","us","5720.00"
"358",18255,"Andrey","Pishikov","AndyLendi","ru","5680.34"
"359",20527,"Kenny","Widjaja","Trinity","sg","5673.94"
"360",51814,"Ao Ke","Liu","Lhy","cn","5545.80"
"361",51822,"Magua","Yuan","Muggle","cn","5545.26"
"362",19970,"Fei","Xie","X","cn","5519.99"
"363",37978,"Luiz","Martinez","Lethocerus","br","5500.00"
"364",33388,"-","-","Laharl","au","5488.00"
"365",51826,"-","-","oasis","cn","5439.10"
"366",51827,"-","-","No","cn","5439.10"
"367",25670,"Wang","Junkai","ripper","cn","5396.72"
"368",28355,"Geon Cha","Seung","Deva","kr","5395.00"
"369",44232,"Fabien","Devesne","Mascarade","fr","5392.77"
"370",21423,"Wang","Wenqiang","Again","cn","5376.32"
"371",3403,"Marcus Sin Yik","Tan","Revenant","sg","5360.00"
"372",20528,"Kevin","Tan","Relyzer","sg","5360.00"
"373",28364,"Chan Hyung","Baek","minepang","kr","5357.00"
"374",6717,"Gerardo","Gonzalez","Genre","mx","5283.33"
"375",20351,"Esteban","Aspera","DEUS","ar","5274.12"
"376",19660,"David","Honsberger","h0ns","de","5230.00"
"377",19415,"Jiuxiang","Meng","BOOS","cn","5206.72"
"378",27939,"Evgeniy","Evdokimov","Lunarn","ru","5170.08"
"379",21420,"Zihan","Li","Miracle","cn","5129.79"
"380",28347,"Marco","Chena","LaBarbi","mx","5083.33"
"381",44226,"Albin","Olsson","Henn1ng","se","4883.49"
"382",2834,"Ying","Song","XluoS","cn","4798.14"
"383",28349,"Alex","Olivera","Unusual","pe","4700.00"
"384",26612,"Joon Hyung","Kim","ePrime","kr","4638.05"
"385",15740,"Stepan","Zhilin","Kunichan","ru","4573.22"
"386",1907,"Phillip","Carter","Jaximus","us","4540.00"
"387",60098,"-","-","BananaH","fr","4462.80"
"388",55482,"Chen","Wang","xiRan","cn","4348.20"
"389",55484,"Benxiaye","Huo","Genshuo","cn","4348.20"
"390",55487,"-","-","TankOvO","cn","4348.20"
"391",55488,"-","-","fury","cn","4348.20"
"392",55489,"Lutong","Yang","laohu","cn","4348.20"
"393",55490,"Shaojie","Qiu","Moon","cn","4348.20"
"394",55491,"Hao","Zhang","aLing","cn","4348.20"
"395",55492,"Zerong","Zhao","zero","cn","4348.20"
"396",55493,"Xiaolei","Li","Lang","cn","4348.20"
"397",55494,"Lv","Zhou","RTTTTTT","cn","4348.20"
"398",55495,"Kai","Chen","Mask","cn","4348.20"
"399",55496,"Mengfei","Jia","oppaF","cn","4348.20"
"400",55497,"Mao","Jun","HD","cn","4348.20"
"401",42181,"Jhordan","Mattei","Thunder","br","4183.33"
"402",19671,"Donald","Dobbin","Scylol","us","4120.00"
"403",24277,"Nathan","Ball","Azure","au","4096.00"
"404",22734,"Chriss","Joss","Enaigon","au","4095.49"
"405",15429,"Alex","Baz","Blinks","us","4090.00"
"406",19673,"Joey","Gavlas","Hospital","us","4040.00"
"407",49759,"Leonardo","Eyer","Derenash","br","3983.33"
"408",44279,"Tom","Shaw","Kari","gb","3978.16"
"409",71077,"Brian","Bartell","LegacY","us","3975.75"
"410",49762,"Juan","Martinez","SleepyBear","mx","3866.66"
"411",39908,"Joshua","Lloyd","Vicarrak","au","3840.00"
"412",51820,"Ming Yang","Sun","First","cn","3807.80"
"413",51821,"Yu Heng","Xiao","whilight","cn","3807.80"
"414",51705,"Hong Li","Fang","Cat","cn","3760.77"
"415",14442,"Riccardo","Archetti","Kesil","it","3755.66"
"416",29865,"Yoon Hoo","Kim","Hidden","kr","3752.60"
"417",28357,"Jung Ho","Kim","CrozOver","kr","3735.00"
"418",28603,"-","-","DooSIM","kr","3697.00"
"419",42413,"Jeremy","Williams","Jezmez","au","3696.00"
"420",20532,"Yu Yang","Tee","Yewyengzxck","sg","3683.94"
"421",42176,"-","-","rokblin","mx","3683.33"
"422",15738,"Edward","Hong","Keonda","us","3670.00"
"423",15749,"Lachezar","Kochev","cilium","bg","3639.40"
"424",19665,"Todd","Stevenson","LexUther","ca","3630.00"
"425",20524,"Nelson","Le","GOAT","ca","3620.00"
"426",71072,"Kevin","Sen","Daykwaza","fr","3588.60"
"427",20537,"-","-","ZaPpy","sg","3577.57"
"428",67862,"-","-","425","cn","3576.00"
"429",51818,"Kehan","Chen","Hanxi","cn","3555.00"
"430",51819,"Wang","Pan","zsm","cn","3555.00"
"431",20603,"Cheng En","Tai","Baitgod","tw","3553.27"
"432",19664,"Long","Wang","Daihuu","us","3550.00"
"433",19661,"Adam","Stupavsky","Zoos","us","3530.00"
"434",55042,"Ming-Hsuan","Tsai","bakecheese","tw","3501.60"
"435",21417,"Yang","Liu","n","cn","3501.50"
"436",65870,"Niklas","Tysklind","Svampgrotta","se","3482.94"
"437",38828,"Vitor","Klocko","sueko","br","3400.00"
"438",23443,"Yu Heng","Chen","Tony","tw","3392.24"
"439",55062,"-","-","PA","cn","3385.20"
"440",86623,"Lucas","Beirle","Dynouh","de","3343.71"
"441",40753,"Cody","D'Ulisse","Ultivian","au","3312.00"
"442",20548,"Aj","Pasamonte","Haneo","ph","3300.00"
"443",47177,"-","-","WildWolf","tw","3284.40"
"444",44229,"Emil","Skogh","Skogh","se","3280.67"
"445",20538,"-","-","Capricorn","sg","3277.57"
"446",21947,"Przemysław","Rudzki","RzuF","pl","3254.76"
"447",39910,"-","-","jimjam","au","3248.00"
"448",9775,"Dejan","Komocar","diqozoY","si","3212.88"
"449",67867,"Yuguo","Jia","Jia","se","3210.11"
"450",86619,"Liam","O’Malley","Vespertine","us","3205.58"
"451",6560,"Marcin","Radzewicz","Wolfz","pl","3200.00"
"452",51695,"-","-","ZongC","cn","3192.69"
"453",27913,"Vlad","Trofimov","Sphyxi","lv","3082.88"
"454",71075,"-","-","Unaverted","us","3041.96"
"455",14560,"-","-","YGoss","cn","3017.84"
"456",15716,"-","-","IkBear","kr","3000.00"
"457",15717,"-","-","Burk","kr","3000.00"
"458",15720,"-","-","Deft","kr","3000.00"
"459",22737,"Ross","Jones","Shy","au","3000.00"
"460",101172,"Eliot","Kaufling","YasuOTP","fr","2996.50"
"461",51828,"-","-","Varia","cn","2995.10"
"462",14527,"Keaton","Consentine","Biceps","us","2980.00"
"463",70776,"Johan","Berghult","Berghult","se","2972.80"
"464",26715,"Diego","Victoriano","haMtarO","br","2900.00"
"465",11971,"Wai Wong","Chun","cwCwCW","sg","2840.06"
"466",101165,"Trevor","McDaniel","Zergling","us","2826.50"
"467",101166,"Blake","Yu","WearyDay","ca","2826.50"
"468",33389,"-","-","Luminum","au","2800.00"
"469",24272,"-","-","Hykkup","nz","2792.00"
"470",15741,"Alexander","Melder","stalk","ru","2780.34"
"471",39912,"Chase","Barnes","FiZiX","nz","2724.00"
"472",18950,"Nicolás","Tovillas","Nittt","ar","2667.45"
"473",24854,"-","-","x229","cn","2641.56"
"474",65521,"-","-","Polaris","kr","2630.62"
"475",22738,"Guangyong","Chuang","Naeiou","au","2600.00"
"476",20530,"-","-","Julian","sg","2583.94"
"477",38938,"Tomas","Montiel","ET0MyX","ve","2583.33"
"478",86624,"Lucas","Appt","Ultralisk","de","2540.38"
"479",22733,"Aaron","Prentice","iVSlime","us","2520.00"
"480",21209,"Pansean","Prempree","Louda","th","2507.51"
"481",21708,"Kun Hee","Kim","Q","kr","2504.00"
"482",6236,"John Winston","Hernaez","Misery","ph","2500.00"
"483",101169,"Erik","Sjöberg","Azyrite","se","2487.17"
"484",28769,"-","-","Ostinger","tw","2474.96"
"485",86620,"-","-","Hebi","us","2459.49"
"486",32147,"Fabrício","Rodrigues","furyzera","br","2450.00"
"487",55064,"-","-","DIA","cn","2444.00"
"488",55065,"-","-","JigSaw","cn","2444.00"
"489",55066,"-","-","Nightmare","cn","2444.00"
"490",55067,"-","-","Sevenmilk","cn","2444.00"
"491",86639,"Turner","Hendrix","RedRobot","us","2432.52"
"492",27268,"Yuqi","Zeng","Zyq","cn","2432.00"
"493",17418,"Nicolas","Parent","Nasty","fr","2413.89"
"494",101168,"Andrew","Dixon","MadaraUchiha","us","2409.49"
"495",23620,"Woo Jung","Kim","Buck","kr","2389.80"
"496",27948,"-","-","Lampi","gb","2387.04"
"497",20157,"Edison","Junior","Juninhogdc","br","2385.84"
"498",14559,"-","-","ZERO","cn","2370.06"
"499",17531,"Hiêu","Huynh","Kyuu","fr","2345.62"
"500",23625,"Jeong Min","Kim","JeongFeel","kr","2329.80"
"501",23626,"Deok Hyung","Gil","GilducK","kr","2329.80"
"502",101170,"-","-","Gotfilth","us","2301.33"
"503",21207,"Piyalap","Ungprasert","Coupe","th","2257.51"
"504",21208,"Tawatchai","Brusuthikun","Chaitee","th","2257.51"
"505",21210,"Atith","Chitvarakorn","nOcsm","th","2257.51"
"506",21211,"Supanut","Chow","LionaX","th","2257.51"
"507",14561,"-","-","虾干","cn","2244.30"
"508",14562,"-","-","奶茶","cn","2244.30"
"509",14522,"Drew","Rodgers","madtimmy","us","2240.00"
"510",21712,"Won Hyoup","Jeong","ArHaN","kr","2162.40"
"511",18571,"Jae Hwan","Yu","Defy","kr","2039.92"
"512",18946,"Filipe","Domingos","Metales","br","2035.84"
"513",47785,"-","-","NiuB","tw","2023.00"
"514",71071,"-","-","XraYY","de","2000.29"
"515",15721,"-","-","Frenzzi","kr","2000.00"
"516",15722,"-","-","Aquinas","kr","2000.00"
"517",15725,"-","-","KKKK","kr","2000.00"
"518",33392,"-","-","jaty","au","2000.00"
"519",39498,"-","-","Simba","cn","2000.00"
"520",43198,"Junfeng","Gu","Wing","cn","2000.00"
"521",43200,"Huajian","Zhang","Ego","cn","2000.00"
"522",43203,"-","-","jinwoo","kr","2000.00"
"523",43204,"-","-","confidence","kr","2000.00"
"524",47137,"Rodney Anyani","Kwaku","SonicLeBeast","ch","2000.00"
"525",29864,"Sang Won","Yoon","SWoN","kr","1988.60"
"526",101174,"Avery","Rak","CPX","us","1972.17"
"527",101176,"Josh","Lau","ibtingz","ca","1972.17"
"528",86626,"Vetle","Hagen","QopenHagen","no","1952.35"
"529",86636,"Liam","Brown","funbunz","us","1940.63"
"530",9780,"In Bin","Goh","hitmaN","kr","1909.00"
"531",28362,"Sung Jin","Shin","Daisy","kr","1909.00"
"532",28363,"Yong Jae","Yoo","SuriShield","kr","1909.00"
"533",28365,"Min Jun","Kim","Blessing","kr","1909.00"
"534",101178,"Will","McNamara","fancypants","us","1894.16"
"535",20913,"-","-","Tictac","fr","1883.44"
"536",49764,"Marcos","Vera","Mexicano96","mx","1883.33"
"537",19672,"Austin","Lonsert","Shot","us","1863.03"
"538",28132,"Erick","Cruz","LordUrano","br","1850.00"
"539",101177,"Dylan","Fritsen","MasonBlaze","ca","1793.83"
"540",32506,"-","-","Nocturne","kr","1792.00"
"541",32510,"-","-","Zebag","kr","1792.00"
"542",32511,"Sang Jun","Lee","Petal","kr","1792.00"
"543",73948,"Patrick","Rützou","Rutzou","dk","1765.03"
"544",15424,"Dana","Holland","Syracuse","us","1760.00"
"545",23453,"-","-","Democracy","tw","1733.40"
"546",29866,"-","-","GGaMang","kr","1724.00"
"547",29868,"-","-","L1on","kr","1724.00"
"548",29869,"-","-","OnyXian","kr","1724.00"
"549",29870,"-","-","Sungwoo","kr","1724.00"
"550",27946,"-","-","zdoon","pl","1710.80"
"551",71073,"-","-","Valamar","ca","1708.29"
"552",67863,"-","-","Mumu","cn","1702.86"
"553",67864,"-","-","Rena","cn","1702.86"
"554",28351,"Edison","Rivera","NeO","pe","1700.00"
"555",49122,"-","-","Coffee","nz","1700.00"
"556",49123,"-","-","GondoTheBoo","au","1700.00"
"557",51230,"Liam","Mitchell","Shrek","au","1700.00"
"558",51231,"-","-","supafish","au","1700.00"
"559",93939,"Alex","-","caesarsalad","us","1693.16"
"560",28361,"Hyun Jin","Choi","laster","kr","1660.00"
"561",24282,"-","-","Godzilla","au","1658.98"
"562",21949,"Jakub","Krech","Krequ","pl","1654.76"
"563",1098,"Shawn","Simon","Sheth","us","1650.00"
"564",49760,"Jose","Sandoval","Ceo","mx","1633.33"
"565",49761,"Oscar","Sandoval","Cronos","mx","1633.33"
"566",49763,"Rodrigo","Nuñez","Klug","mx","1633.33"
"567",101167,"Dominic","Richardson","Cascon","gb","1609.16"
"568",1225,"Grzegorz","Komincz","MaNa","pl","1600.00"
"569",24281,"-","-","Revolv2Solve","au","1600.00"
"570",44225,"-","-","Gugus","pl","1600.00"
"571",42179,"Gabriel","Sevilha","Corgan","br","1583.33"
"572",17398,"Sheng","Yang","Keni Ma","cn","1578.64"
"573",40750,"-","-","Fesh","au","1564.00"
"574",40751,"-","-","Kotori","au","1564.00"
"575",22866,"Javier","Henriquez","Bhara","cl","1546.67"
"576",23452,"-","-","Penguin","tw","1528.80"
"577",23454,"-","-","CreatievSelf","tw","1528.80"
"578",31832,"-","-","eAtPeole","cn","1512.00"
"579",31835,"-","-","Ran","cn","1512.00"
"580",101171,"Coby","Colson","Nintorii","us","1508.50"
"581",28386,"David","Nguyen","DXN","us","1500.00"
"582",36029,"-","-","Saci","br","1500.00"
"583",4353,"Tomás","Díaz","Kobu","ar","1467.45"
"584",3048,"Enrique","Marcias","AlaStOr","es","1453.70"
"585",51232,"-","-","Doubt","au","1450.00"
"586",51235,"-","-","Azog","au","1450.00"
"587",20207,"Haojie","Wang","1XiA","cn","1416.50"
"588",20209,"Minghui","An","EnmaAi","cn","1416.50"
"589",103760,"Laurys","Menard Del Coro","Nagrom212","fr","1402.50"
"590",19640,"-","-","angryfatbear","my","1400.00"
"591",19641,"Matthew","S'ng","MGUY","my","1400.00"
"592",19642,"Soon Huat","Sim","Deadlyfatman","my","1400.00"
"593",28348,"Jorge","Martinez","Gizmo","pe","1400.00"
"594",51229,"-","-","MagicGnom","au","1400.00"
"595",19548,"Molnár","Zoltán","Holocarantus","hu","1393.72"
"596",22867,"Harol","Perez","Mute","cl","1380.00"
"597",101173,"-","-","jae12321","kr","1350.17"
"598",49993,"-","-","TheAm","tw","1332.40"
"599",40757,"-","-","iceboldwater","au","1316.00"
"600",49992,"-","-","sign","tw","1301.60"
"601",14005,"Cristian","Lippa","Ace of Spades","it","1275.00"
"602",18949,"Jerónimo","García","Megalomaniac","ar","1267.45"
"603",14748,"Andreu","Silva","tDarka","es","1264.18"
"604",42414,"-","-","Laika","au","1246.00"
"605",70775,"Elias","Hergül","Galnegunnar","se","1238.80"
"606",24252,"André","Allchin","Skimmy","nz","1231.75"
"607",9268,"Cristian","Velasco","KiLLeRCinO","es","1220.28"
"608",24255,"Michael","Pham","Zekken","au","1200.00"
"609",24256,"-","-","BlueAura","au","1200.00"
"610",33390,"-","-","Againsttime","au","1200.00"
"611",33391,"-","-","PentaUnleash","au","1200.00"
"612",49124,"-","-","Flaze","au","1200.00"
"613",55583,"-","-","AeternaNyx","au","1200.00"
"614",55584,"-","-","Neeew","au","1200.00"
"615",55585,"-","-","Stevo","au","1200.00"
"616",18947,"Reinaldo","Borin","Ikkyy","br","1178.19"
"617",6203,"Santiago","Bileta","Naryt","ar","1166.67"
"618",21752,"Germán","Gastager","Taxadar","ar","1166.67"
"619",14747,"Paul","Raad","PoLaToR","es","1164.18"
"620",21944,"Marc","Wippich","ETFonTop","de","1151.72"
"621",21250,"Mateus","Barros","Grandork","br","1124.20"
"622",32754,"-","-","FZIgnition","ca","1120.00"
"623",32755,"-","-","Hecarimj","us","1120.00"
"624",4572,"Michał","Królewski","KroLu","pl","1112.19"
"625",17526,"Nikodem","Królewski","Gluhammer","pl","1112.19"
"626",17400,"Yidong","Li","Nova","cn","1103.74"
"627",27949,"-","-","Blekitny","pl","1093.60"
"628",27914,"Alexey","Shtylenkov","Shtyr","ru","1092.88"
"629",2822,"Patrick","Walpuski","Pheilox","de","1087.04"
"630",23137,"Kamil","Przybyła","Przybli","pl","1084.68"
"631",20488,"Leonardo","Rocha","Kumano","br","1080.21"
"632",101175,"-","-","Qepi","kr","1071.50"
"633",4390,"Han Eul","Lee","NaRa","kr","1048.80"
"634",29505,"Yu Sheng","Yang","Fish","tw","1030.20"
"635",55101,"-","-","ArthasKeW","tw","1030.20"
"636",55102,"-","-","winglien","tw","1030.20"
"637",55103,"-","-","DINO","tw","1030.20"
"638",22865,"Julio","Martin","Padrinosky","cl","1030.00"
"639",17416,"Oskar","Bäckström","Zyfoh","se","1029.46"
"640",16129,"Stuart","Dameri","Traitorr","us","1023.48"
"641",65872,"Marco","Scarpelli","Fury","it","1005.01"
"642",103761,"-","-","Tremor","ca","1001.00"
"643",103762,"Daniel","Goodman","SlugHunter","us","1001.00"
"644",103763,"Zach","-","Lupus","us","1001.00"
"645",19643,"-","-","aiurserenity","my","1000.00"
"646",19644,"-","-","zxist","my","1000.00"
"647",20546,"-","-","cZz","ph","1000.00"
"648",28387,"Cody","Engesser","Deadlyice","us","1000.00"
"649",28388,"Stephen","Guillot","Kachi","us","1000.00"
"650",28389,"Miqueas","Kim","Wrath","mx","1000.00"
"651",28391,"Zhang","Tianyun","Dayun","cn","1000.00"
"652",29479,"-","-","Laranas","de","1000.00"
"653",29480,"-","-","ikside","pl","1000.00"
"654",32756,"-","-","Hoss","gb","1000.00"
"655",49125,"-","-","Conya","au","1000.00"
"656",55100,"-","-","LiverStorM","tw","994.20"
"657",67865,"-","-","MAXfire","us","993.33"
"658",67866,"-","-","YikSoU","cn","993.33"
"659",19662,"Alexandre","Goncalves","PyratRum","us","970.33"
"660",17406,"Tianyuan","Ma","TonYmA","cn","957.66"
"661",16128,"Stone","May","Pannucci","us","950.00"
"662",49126,"-","-","Tommy","au","950.00"
"663",51234,"-","-","Sailor","au","950.00"
"664",51236,"-","-","BouncyKnight","au","950.00"
"665",44253,"-","-","MrBanaBeer","ru","949.18"
"666",40754,"-","-","Deuces","au","948.00"
"667",14008,"Frédéric","Roth","Fredzw","fr","947.26"
"668",78557,"-","-","SaMaT","kr","946.78"
"669",3405,"Jin Yue","Zhang","Ash","cn","942.71"
"670",19421,"Feiyu","Yan","YueShen","cn","942.71"
"671",15604,"Jin Su","Park","Jungank","kr","941.20"
"672",21707,"Jae Ho","Jeong","Rocket","kr","934.45"
"673",16130,"Kevin","Yepez","ChubbsZ","us","930.00"
"674",16132,"Brendan","Oakley","FuriousD","us","930.00"
"675",23438,"-","-","Holanlolanto","hk","917.28"
"676",23439,"-","-","K1m","hk","917.28"
"677",23440,"-","-","Yuk","hk","917.28"
"678",23441,"Tsz Chun","Chan","Cliff","hk","917.28"
"679",23442,"-","-","Redpower","hk","917.28"
"680",23445,"Yi Pin","Lin","DaiXD","tw","917.28"
"681",55093,"-","-","pizzasiao","sg","900.00"
"682",14006,"Jeremy","Autore","Shinobu","us","891.08"
"683",12232,"Emil","Karlsson","Superkge","se","884.46"
"684",22235,"Victor","Alexandersson","zhiku","se","884.46"
"685",49995,"-","-","Jason","tw","867.40"
"686",19971,"-","-","Vacheron","cn","864.00"
"687",21226,"-","-","GOUGE","cn","864.00"
"688",21228,"-","-","WKGFelyE","cn","864.00"
"689",21222,"Da Sol","Choi","sol","kr","853.60"
"690",17408,"Reece","Kelly","BOSSFLOSS","us","850.00"
"691",50057,"-","-","Hiperion","mx","833.33"
"692",20350,"Claudio","Irianni","Malheven","ar","807.45"
"693",19484,"André","Felipe","Todinho","br","806.39"
"694",103764,"Nathan","Bartholoma","Kelsier","us","800.33"
"695",103765,"Vicente","Martínez","MyPalVince","us","800.33"
"696",103766,"Alexander","Momani","Carbon","ca","800.33"
"697",24273,"-","-","Jvlol","au","800.00"
"698",24275,"-","-","Pet01","au","800.00"
"699",24276,"-","-","Reman","au","800.00"
"700",33393,"-","-","Kruvin","au","800.00"
"701",33395,"-","-","HuX","au","800.00"
"702",55586,"-","-","SBG Tooka","au","800.00"
"703",101179,"Michel","Goedegebuur","ukkie","nl","792.83"
"704",1067,"Woo Seo","Jung","aMeBa","kr","781.71"
"705",21918,"Claudia","Maw","Clood","gb","769.58"
"706",35381,"-","-","Myth","gb","769.58"
"707",35382,"-","-","Cherez","gb","769.58"
"708",35383,"-","-","Shaw","gb","769.58"
"709",35384,"-","-","LanaDelCray","gb","769.58"
"710",6075,"Cameron","Nelson","bobbyhankhill","us","750.00"
"711",22245,"Andreas","Svensson","Happy","se","750.00"
"712",19485,"Gabriel","Senna","vlins","br","723.05"
"713",39913,"-","-","MIA","au","716.00"
"714",80787,"-","-","Arpian","kr","704.68"
"715",15425,"Pat","Yiu","Tazza","us","700.00"
"716",55130,"-","-","Dommy","au","700.00"
"717",55131,"-","-","Xyliance","au","700.00"
"718",16131,"Jake","Martisek","QuibsY","us","690.00"
"719",7880,"Roybie","Segovia","Light","ph","675.00"
"720",10987,"Robert Conrad","Pascual","Otchie","ph","675.00"
"721",20549,"-","-","Momobelia","ph","675.00"
"722",20550,"-","-","Zensho","ph","675.00"
"723",50056,"-","-","Betony","ar","666.67"
"724",55104,"-","-","uniccy","tw","662.80"
"725",16240,"Brice","Raffestin","sTk","fr","660.98"
"726",16242,"Romain","Baleige","Loliny","fr","660.98"
"727",16243,"Jérémi","Hellec","Jellec","fr","660.98"
"728",4346,"Julián","Fasce","Gwailo","ar","660.00"
"729",9895,"Seth","Fitzpatrick","Araragi","us","655.00"
"730",49990,"-","-","台灣人就是勁嗆猛","tw","645.10"
"731",17404,"Haichao","Yan","BanAnA","cn","644.96"
"732",40755,"-","-","ArternaNyx","au","632.00"
"733",24603,"Jia","He","mystery","cn","630.03"
"734",24604,"Weitian","Shi","Xbolo","cn","630.03"
"735",24605,"Junkai","Wang","WApple","cn","630.03"
"736",24606,"Lei","Cheng","Aomine","cn","630.03"
"737",24855,"-","-","Wildfire","cn","628.95"
"738",40756,"-","-","Pesky","au","616.00"
"739",15603,"Min Gi","Kim","Ray","kr","600.00"
"740",22739,"Gonzalo","Lemme","Unnxandros","ar","600.00"
"741",22740,"Martin","Freidt","Bishop","ar","600.00"
"742",26649,"-","-","Knuutti","se","600.00"
"743",32827,"Joseph","Marquez","Fottz","pe","600.00"
"744",44227,"Rikard","Ask","Rask","se","600.00"
"745",44228,"-","-","DyKarN","se","600.00"
"746",44230,"-","-","eWook67","fr","600.00"
"747",44231,"-","-","W0NkA","fr","600.00"
"748",44238,"-","-","Dobos","hu","600.00"
"749",44239,"Marci","Kovács","Karci","hu","600.00"
"750",44240,"-","-","Fana","hu","600.00"
"751",44241,"-","-","thehydra","hu","600.00"
"752",44242,"-","-","Nutey","hu","600.00"
"753",44243,"-","-","BGuy","nl","600.00"
"754",44244,"-","-","Atmos","nl","600.00"
"755",44245,"-","-","Xavalosh","nl","600.00"
"756",44246,"Ferry","van de Pol","Darkomicron","nl","600.00"
"757",44247,"-","-","Six","nl","600.00"
"758",44248,"-","-","Rayquaza","it","600.00"
"759",44249,"-","-","FatalError","it","600.00"
"760",44250,"-","-","Cesc","it","600.00"
"761",44251,"-","-","BuYa","it","600.00"
"762",44252,"-","-","Moldavius","it","600.00"
"763",44254,"-","-","Cruglk","ru","600.00"
"764",50058,"-","-","Insecure","pe","600.00"
"765",52402,"-","-","Vitruvius","br","583.33"
"766",44235,"Konstantin","Müller","Born","de","581.19"
"767",21717,"Tanner","Locke","Hocfoo","us","580.00"
"768",15601,"Toni","Echeverría","Rave","es","578.44"
"769",14010,"Alena","Shushpannikova","Gela","ru","570.00"
"770",27945,"Sylwester","Horczak","Talouf","be","562.36"
"771",20535,"-","-","Faux","sg","537.51"
"772",20536,"-","-","Mistfiner","sg","537.51"
"773",3049,"Rubén","Pons Serrano","LoLvsxD","es","530.00"
"774",22864,"Cristoffer","Contreras","Eri","cl","530.00"
"775",20531,"-","-","Vergilius","sg","520.00"
"776",20533,"-","-","Kazu","sg","520.00"
"777",20534,"-","-","Rai","sg","520.00"
"778",80788,"Soo Beom","Lee","Crow","kr","516.96"
"779",21223,"Deok Hyeong","Gil","길덕","kr","512.40"
"780",21224,"Da Sol","Choe","방황하는유대인","kr","512.40"
"781",49988,"-","-","娃娃兒","tw","511.50"
"782",49989,"-","-","台灣人就是嗆勁猛","tw","511.50"
"783",21706,"Young Jun","Ko","Loveholic","kr","502.40"
"784",21710,"Eun Hyuk","Lee","Pilot","kr","502.40"
"785",21711,"Youn Sik","Kim","Adam","kr","502.40"
"786",21713,"Tae Oh","Gu","Michi","kr","502.40"
"787",21714,"Sang Hoon","King","LOTUS","kr","502.40"
"788",8765,"Kai","Gade","Noonia","de","500.00"
"789",19645,"-","-","RiseN","my","500.00"
"790",19646,"-","-","Omnomnommmm","my","500.00"
"791",19647,"-","-","kinkyfairy","my","500.00"
"792",19648,"-","-","hyfreD","my","500.00"
"793",19649,"-","-","dolleater","my","500.00"
"794",21753,"Nicolás","Bileta","Bile","ar","500.00"
"795",27311,"Ariel","Gonzalez","Heaven","cl","500.00"
"796",36556,"-","-","Fins","pe","500.00"
"797",44233,"-","-","Minks","de","500.00"
"798",44234,"-","-","Ribby","de","500.00"
"799",44236,"-","-","Brayn","de","500.00"
"800",50054,"-","-","Archie","ar","500.00"
"801",50055,"Cristian","Caamaño","Jhein","ar","500.00"
"802",52392,"-","-","Maxorian","ve","500.00"
"803",52393,"-","-","HULK","mx","500.00"
"804",52394,"-","-","NoMiracle","ve","500.00"
"805",52395,"-","-","Vandragor","cl","500.00"
"806",52396,"-","-","Camus","mx","500.00"
"807",55094,"-","-","Meltis","sg","500.00"
"808",27203,"-","-","Vendetta","sg","490.06"
"809",27204,"-","-","Tanuki","sg","490.06"
"810",19413,"Cheng","Jiang","Soul","cn","483.88"
"811",19414,"Fang","Qiu","TanYeah","cn","483.88"
"812",21212,"Chattrakarn","Parichatkun","Erl2oR","th","480.00"
"813",21213,"-","-","Aunz","th","480.00"
"814",21214,"-","-","Riixana","th","480.00"
"815",21215,"-","-","SuperMAO","th","480.00"
"816",21216,"-","-","Monogatari","th","480.00"
"817",19486,"Conrado","Fantin","conraids","br","456.39"
"818",20551,"-","-","PandaUser","ph","450.00"
"819",20552,"-","-","Makishi","ph","450.00"
"820",20553,"-","-","ThePenguin","ph","450.00"
"821",20554,"-","-","WipeOut","ph","450.00"
"822",20555,"-","-","MinJeong","ph","450.00"
"823",49127,"-","-","Serelii","au","450.00"
"824",49129,"-","-","Ivelieu","au","450.00"
"825",51233,"-","-","Deceptive","au","450.00"
"826",55044,"-","-","Risotto","sg","450.00"
"827",55096,"-","-","ExcaRic","th","450.00"
"828",55098,"-","-","meowpork","sg","450.00"
"829",55099,"-","-","ZesN","sg","450.00"
"830",55111,"-","-","Josuke","tw","434.20"
"831",55112,"-","-","DIO","tw","434.20"
"832",55113,"-","-","DimSum","tw","434.20"
"833",55114,"-","-","AlexJuice","tw","434.20"
"834",26613,"-","-","Jidset","kr","432.05"
"835",26614,"Jong Wook","Kim","Lia","kr","432.05"
"836",19663,"Aaron","Trevette","Evandrinde","us","430.00"
"837",22242,"Paweł","Pernak","Devizz","pl","424.24"
"838",23241,"John","Gelou","KilicK","ca","420.00"
"839",21422,"Wang","Shuang","2056","cn","411.00"
"840",21425,"Zou","Lichao","LeMon","cn","411.00"
"841",49997,"-","-","n6333373","tw","405.00"
"842",49998,"-","-","絕命六龜滴桃","tw","405.00"
"843",49999,"-","-","我真的隨便打都贏","tw","405.00"
"844",4383,"Steffen","Fritzemeier","KnowMe","de","403.37"
"845",2912,"Sebastián","Esteban Fernández","Morden","es","400.00"
"846",21218,"James","Liew","ironDUCK","my","400.00"
"847",21219,"Calvin","Chan","Xzist","my","400.00"
"848",24278,"-","-","HarryDWizard","au","400.00"
"849",24279,"-","-","Cookiemonsta","au","400.00"
"850",24280,"-","-","Byon","au","400.00"
"851",33396,"-","-","iWhy","au","400.00"
"852",33397,"-","-","Jaems","au","400.00"
"853",33398,"-","-","Jet","au","400.00"
"854",36028,"Everton","Gomes","NettO","br","400.00"
"855",36031,"-","-","Hachepe","cl","400.00"
"856",55097,"-","-","Ceddya","sg","400.00"
"857",55132,"Ling","Hou","Hill","nz","400.00"
"858",55133,"Timothy","Mitchell","Spazzo","au","400.00"
"859",55134,"Justin","Sprigg","Crazometer","au","400.00"
"860",55135,"-","-","Koalty","au","400.00"
"861",55136,"-","-","DidiPawn","au","400.00"
"862",20206,"Aijiang","Wang","61","cn","383.41"
"863",18800,"Lei","Ren","teddy","cn","383.24"
"864",20539,"-","-","Rei","sg","380.00"
"865",70774,"Max","Person","MaxPassion","se","379.34"
"866",20540,"-","-","Sliderbyte","sg","377.51"
"867",14535,"Josh","Kofalt","RawrJar","us","370.00"
"868",60095,"Isik","Darende","Skynox","fr","367.87"
"869",17376,"-","-","kkkkkkkkkkkk","tw","367.40"
"870",20911,"-","-","Lisfoc","fr","360.00"
"871",20912,"-","-","Narssice","fr","360.00"
"872",36557,"-","-","valha","cl","350.00"
"873",21424,"Zhou","Yi","MS-Joy","cn","348.12"
"874",19410,"Han","Wang","Ivy","cn","347.96"
"875",19969,"-","-","Crucial","kr","341.60"
"876",21227,"-","-","CptCatking","kr","341.60"
"877",23623,"Hyeon Suk","Song","Rice","kr","341.20"
"878",8767,"Patrick","Hellwig","Gruhlum","de","340.00"
"879",12332,"David","Hunsmann","Glukoza","de","340.00"
"880",20909,"Kai","Sinnhoffer","Coco","de","340.00"
"881",20910,"Adrian","Zowislo","Freezer","de","340.00"
"882",23239,"Corey","Angelicola","Basickz","us","340.00"
"883",23240,"Jarret","Jaroslawski","Nessper","ca","340.00"
"884",17524,"Lucas","Montier","Yuki","be","336.58"
"885",44256,"-","-","Caps","pt","334.20"
"886",60781,"-","-","FarlendeR","ru","334.18"
"887",15726,"-","-","GweonDD","kr","333.33"
"888",15727,"-","-","Gilduk","kr","333.33"
"889",15728,"-","-","Umniam","kr","333.33"
"890",15729,"-","-","senzin","kr","333.33"
"891",15730,"-","-","Windmemory","kr","333.33"
"892",15731,"-","-","Roppi","kr","333.33"
"893",38727,"Tristan","Martin","TrqR","fr","329.99"
"894",38728,"Kévin","Poupon","AnimA","fr","329.99"
"895",38729,"Karl","Mezher","Stanpard","fr","329.99"
"896",38730,"Virgil","Prats","Lothaire","fr","329.99"
"897",22237,"-","-","Sakka","fi","328.92"
"898",22238,"-","-","DirtySweed","se","328.92"
"899",22239,"-","-","Mitchbttk","gr","328.92"
"900",22240,"-","-","Monderk","is","328.92"
"901",22241,"-","-","NevermoreBG","bg","328.92"
"902",16244,"-","-","yuki","fr","324.40"
"903",20210,"Ke","Xu","Hy","cn","322.21"
"904",20211,"Shangchen","Xie","Rmm","cn","322.21"
"905",17399,"Chaolei","Wang","ivo","cn","322.15"
"906",17401,"Yulun","Wang","Onjoujitoki","cn","322.15"
"907",18798,"Yuede","Guan","Linkin","cn","322.04"
"908",18799,"Xiao","Ma","Sycho","cn","322.04"
"909",18801,"Dong","Xie","Eddie","cn","322.04"
"910",60780,"-","-","KolyaMarzhin","ru","319.18"
"911",40752,"-","-","Singedler","au","316.00"
"912",1402,"Xiang","Huang","TH000","cn","312.70"
"913",26309,"Lai","Yi-Meng","gGDevil","tw","309.43"
"914",21919,"Henderson","McDonald","SlamJam","gb","307.83"
"915",21920,"Carl","Case","iNveiN","gb","307.83"
"916",21921,"Nico","Gonzalez","Myagus","de","307.83"
"917",21922,"Andrew","Dilley","Skibba","se","307.83"
"918",35385,"Chris","Cannon","CeeJ","gb","307.83"
"919",18941,"André","Dias","Shellshock","br","304.86"
"920",19650,"-","-","Khanz","my","300.00"
"921",19651,"-","-","PKL","my","300.00"
"922",19652,"-","-","xDoNx","sg","300.00"
"923",19653,"-","-","Sn0wBell","sg","300.00"
"924",19654,"-","-","rxq","my","300.00"
"925",33451,"Miloslav","Poslední","Thrae","cz","300.00"
"926",44255,"-","-","holotype","pt","300.00"
"927",44257,"-","-","Zebina","pt","300.00"
"928",44258,"-","-","Psyche","pt","300.00"
"929",44259,"-","-","GodStorm","pt","300.00"
"930",44260,"-","-","Dreamy","dk","300.00"
"931",44261,"-","-","Youngbaek","dk","300.00"
"932",44262,"-","-","Valnød","dk","300.00"
"933",44263,"-","-","Nymann","dk","300.00"
"934",44264,"-","-","DizzyDwarf","dk","300.00"
"935",44265,"-","-","Tiks","fi","300.00"
"936",44266,"-","-","Kiiskifish","fi","300.00"
"937",44267,"-","-","MXD","fi","300.00"
"938",44268,"-","-","Cleftor","fi","300.00"
"939",44269,"-","-","Thelduin","fi","300.00"
"940",44270,"-","-","Muugilol","es","300.00"
"941",44271,"-","-","Tharkum","es","300.00"
"942",44272,"-","-","Biju","es","300.00"
"943",44273,"-","-","Ihadrabio","be","300.00"
"944",44274,"-","-","Lendfield","be","300.00"
"945",44275,"-","-","Enabler","be","300.00"
"946",44276,"-","-","Hyza","be","300.00"
"947",44277,"-","-","khan","gb","300.00"
"948",44278,"-","-","Billy","gb","300.00"
"949",44280,"-","-","GodOfTheWest","gb","300.00"
"950",44281,"-","-","Rzmx","cz","300.00"
"951",44282,"-","-","Dethra","cz","300.00"
"952",44283,"-","-","Xargonus","cz","300.00"
"953",44284,"-","-","Kenny","cz","300.00"
"954",44285,"-","-","Valamaks","ua","300.00"
"955",44286,"-","-","Candle","ua","300.00"
"956",44287,"-","-","Diodark","ua","300.00"
"957",44288,"-","-","NoPainLFT","ua","300.00"
"958",44289,"-","-","fran","ua","300.00"
"959",49130,"-","-","Booty","au","300.00"
"960",52403,"-","-","Midoriya","br","300.00"
"961",52404,"-","-","Nintwnage","br","300.00"
"962",52405,"-","-","Pikeu","br","300.00"
"963",52406,"-","-","Rooxyz","br","300.00"
"964",52407,"-","-","Wlozne","br","300.00"
"965",55043,"-","-","Kink","sg","300.00"
"966",55105,"-","-","Dkerza","sg","300.00"
"967",55137,"Hugh","McInnes","Firstly","au","300.00"
"968",17412,"Jascha","Tegethoff","TazzDingo","de","288.03"
"969",55115,"-","-","Thief","tw","267.20"
"970",55116,"-","-","Bilke","tw","267.20"
"971",55117,"-","-","xDavidx","tw","267.20"
"972",55118,"-","-","LastFarewell","tw","267.20"
"973",86622,"Olle","Friman","Wit","se","262.08"
"974",15719,"Paul","Oh","Apauloh","us","260.00"
"975",20515,"Jeffrey","Yi","KingPlato","us","260.00"
"976",20517,"Zachary","Yun","Mookiez","us","260.00"
"977",21716,"Drue","Tamayo","YELKAO","us","260.00"
"978",26615,"Jeong Ho","Kim","GGo","kr","259.23"
"979",7326,"-","-","Fiery","sg","250.00"
"980",36558,"-","-","Dothem","cl","250.00"
"981",52397,"-","-","Alez","pe","250.00"
"982",55095,"-","-","bUnBun","sg","250.00"
"983",55110,"-","-","Cozarto","my","250.00"
"984",28604,"-","-","킁캬킁캬","kr","249.00"
"985",21720,"-","-","BeCertified","dk","247.04"
"986",32784,"Haowen","Wang","GGod","cn","244.80"
"987",21229,"-","-","Passenger","kr","244.00"
"988",21230,"-","-","러브홀릭","kr","244.00"
"989",21231,"-","-","치킨태규","kr","244.00"
"990",21232,"-","-","치킨문수","kr","244.00"
"991",21233,"-","-","고니","kr","244.00"
"992",21234,"-","-","치킨민영","kr","244.00"
"993",78556,"Ji Hun","Kim","PanDaGom","kr","242.10"
"994",78558,"-","-","Rujeah","kr","242.10"
"995",19666,"Matt","Khan","Tsukii","us","240.00"
"996",11714,"Tom","Vogt","invidiuM","de","230.00"
"997",15732,"Bent","Heide","Nebse","de","230.00"
"998",60094,"Dylan","Gauchy","Elàhzul","fr","228.00"
"999",60096,"-","-","Earth","fr","228.00"
"1000",24285,"-","-","xdss","au","226.98"
"1001",20556,"-","-","JedR","ph","225.00"
"1002",20557,"-","-","Badbits","ph","225.00"
"1003",20558,"-","-","Reinsein","ph","225.00"
"1004",20559,"-","-","rhyy","ph","225.00"
"1005",20560,"-","-","nubiecake","ph","225.00"
"1006",14015,"-","-","Hiruke","es","223.37"
"1007",20541,"-","-","Qwerty","sg","220.00"
"1008",20542,"-","-","Kaigari","sg","220.00"
"1009",20543,"-","-","Telstro","sg","220.00"
"1010",20544,"-","-","OhHaYoung","sg","220.00"
"1011",60100,"Hadrien","Fontaine","Tobos","fr","215.06"
"1012",24798,"Andrey","Dovzhenok","aeRR","ru","205.58"
"1013",21722,"Armando","Collado","Redx","es","204.90"
"1014",49994,"-","-","萊因哈特","tw","204.60"
"1015",49996,"-","-","MVPFujay","tw","204.60"
"1016",55119,"-","-","Omnia","jp","200.40"
"1017",55120,"-","-","Yanda","jp","200.40"
"1018",55121,"-","-","Bukkoro","jp","200.40"
"1019",55122,"-","-","HoriCat","jp","200.40"
"1020",55123,"-","-","BiMi","jp","200.40"
"1021",55124,"-","-","Lisa","tw","200.40"
"1022",19655,"-","-","Kinny","my","200.00"
"1023",19656,"-","-","Nemesis","my","200.00"
"1024",19657,"-","-","Win3","my","200.00"
"1025",19658,"-","-","thuanho","my","200.00"
"1026",19659,"-","-","Sam","my","200.00"
"1027",19972,"-","-","无情六点六","cn","200.00"
"1028",36026,"-","-","Alemao","br","200.00"
"1029",36027,"-","-","MozeR","br","200.00"
"1030",36030,"-","-","SSkuLL","br","200.00"
"1031",36601,"-","-","IStorm","pe","200.00"
"1032",36602,"-","-","INFIns","pe","200.00"
"1033",42177,"-","-","yungsoon","br","200.00"
"1034",42178,"Guido","Gossi","DEMONHO","br","200.00"
"1035",42180,"Diogo","Vaccaro","SupMegaMason","br","200.00"
"1036",52398,"-","-","Aleksis007","pe","200.00"
"1037",52399,"-","-","MedivhOz","mx","200.00"
"1038",52400,"-","-","Worer","pe","200.00"
"1039",52401,"-","-","YFottz","pe","200.00"
"1040",18981,"Pascal","Swoboda","snow","de","190.00"
"1041",60782,"Alexey","Belyaev","Toxic","ru","182.40"
"1042",14013,"Alexandre","Curto","Vippelino","es","180.00"
"1043",14002,"Harald","Hansen","Beezy","no","174.90"
"1044",22249,"Tomasz","Pilipiuk","GoTeRRoR","pl","174.76"
"1045",22806,"Ryan","Griswold","protoges","us","170.00"
"1046",23238,"Eugene","Tseng","Dnoob","us","170.00"
"1047",86741,"Denys","Skyba","Shamzik","ua","166.78"
"1048",49131,"-","-","StumpGod","au","166.67"
"1049",49132,"-","-","TouchMe","au","166.67"
"1050",51237,"-","-","ADS","au","166.67"
"1051",51238,"-","-","hashtag","au","166.67"
"1052",51239,"-","-","Krisowow","au","166.67"
"1053",51240,"-","-","FreeKoality","au","166.67"
"1054",52408,"-","-","Maiker","ar","166.67"
"1055",15744,"Francesco","De Luca","Bimbz","it","164.90"
"1056",19416,"Qiang","Chen","nightmare","cn","161.12"
"1057",19417,"Yiming","Liu","xiaopants","cn","161.12"
"1058",19418,"Shun","Yuan","Suriel","cn","161.12"
"1059",19419,"-","-","小兔牙","cn","161.12"
"1060",19420,"Xuqi","Gao","Ais","cn","161.12"
"1061",12014,"Xiaozhi","Zheng","Homura","cn","161.08"
"1062",17403,"Xiaochun","Mo","xiAOcHuN","cn","161.08"
"1063",20602,"-","-","DaiCow","tw","161.03"
"1064",20605,"-","-","Melonair","tw","161.03"
"1065",18942,"Enzo","Vasconcelos","EnzoDiLucca","br","160.00"
"1066",21723,"-","-","maxprime","es","160.00"
"1067",21724,"Adrián","Viana","Shevatas","es","160.00"
"1068",21725,"-","-","inceptionhots","es","160.00"
"1069",21726,"-","-","kandar15","es","160.00"
"1070",21727,"-","-","mAkulA","es","160.00"
"1071",22248,"Tamás","Bordás","tomzeY","hu","159.60"
"1072",86651,"-","-","Xirionto","de","155.65"
"1073",21948,"Łukasz","Czub","czubek","pl","155.26"
"1074",20917,"-","-","Babeta","de","144.02"
"1075",86649,"Romain","-","Kolios","fr","142.43"
"1076",47178,"-","-","沒關係是愛情啊","tw","133.60"
"1077",55125,"-","-","Ashao","tw","133.60"
"1078",55126,"-","-","ben21029","tw","133.60"
"1079",55127,"-","-","jerry","tw","133.60"
"1080",55128,"-","-","outbreak0","tw","133.60"
"1081",55129,"-","-","Archbishop","tw","133.60"
"1082",6382,"Jacob","Winstead","LzGaMeR","us","133.48"
"1083",17527,"Charles","Slomski","Ouiski","fr","132.19"
"1084",17530,"Nicolas","Correia","TokuZan","fr","132.19"
"1085",23141,"-","-","Zrokowany","pl","131.16"
"1086",18558,"Sebastian","Wendt","Descape","dk","130.00"
"1087",32776,"Qile","Tang","Redkiller","cn","125.76"
"1088",32777,"-","-","Bychance","cn","125.76"
"1089",32778,"-","-","中国风偷情","cn","125.76"
"1090",86625,"Calvin","van Baalen","Chelvin","nl","124.87"
"1091",32785,"-","-","西恩风暴的希望","cn","122.40"
"1092",36491,"-","-","SpeacialTea","ca","120.00"
"1093",18944,"Rodrigo","Silva","Zhao","br","116.18"
"1094",71074,"-","-","Winterharte","us","115.13"
"1095",71076,"-","-","Ezareal","us","115.13"
"1096",60097,"-","-","Kelthaz","fr","114.00"
"1097",9599,"Johan","Hannson","Darkwonyx","se","112.19"
"1098",11580,"Witold","Tacikiewicz","Gucio","pl","112.19"
"1099",13889,"Andrew","Pishchikov","ANDROIDp","ru","110.00"
"1100",17551,"Rémi","Chevallier","SurvoOlt","fr","110.00"
"1101",22246,"Kont","Schrauf","Konti","hu","110.00"
"1102",2899,"Antoine","Stievenart","Dayshi","fr","108.13"
"1103",8553,"Pierre-André","Cannesson","yog","fr","108.13"
"1104",16245,"-","-","Spindle","fr","108.13"
"1105",16246,"-","-","Hogarth","fr","108.13"
"1106",16247,"-","-","Jujunull","fr","108.13"
"1107",18948,"Rafael","Ponciano","Mewtwo","br","105.63"
"1108",17413,"Marcel","Clören","r0llik","de","104.31"
"1109",17415,"Oliver","Lager","Vonethil","se","104.31"
"1110",1336,"Lok-Yin","Kwong","KawaiiRice","us","100.00"
"1111",9871,"Quinn","Wagner","LeonBlack","us","100.00"
"1112",20520,"Jeff","Kulchar","Tuggin","us","100.00"
"1113",21750,"Nicolas","Cabañéz","WishpeR","ar","100.00"
"1114",21751,"Francisco","Muñoz","Avan","ar","100.00"
"1115",24283,"-","-","Jaemz","au","100.00"
"1116",24284,"-","-","Tee","au","100.00"
"1117",24286,"-","-","Nazgul","au","100.00"
"1118",27318,"-","-","Imbalisko","cl","100.00"
"1119",27319,"-","-","Strange","cl","100.00"
"1120",27320,"Francisco","Navarro","Faco","cl","100.00"
"1121",27321,"-","-","Tato","cl","100.00"
"1122",27322,"-","-","Acubens","cl","100.00"
"1123",28133,"Caio","-","Maximiano","br","100.00"
"1124",28134,"Dayvid","Medeiros","Lynxred","br","100.00"
"1125",55106,"-","-","Reminiscence","sg","100.00"
"1126",55107,"-","-","Crusade","sg","100.00"
"1127",55108,"-","-","Kevin","sg","100.00"
"1128",55109,"-","-","jaRvis","sg","100.00"
"1129",65869,"Mirko","Langer","Meneldor","de","100.00"
"1130",93938,"Darrell","Jenkins","Diesel","us","100.00"
"1131",3053,"Tino","Hanke","Blooddragon","de","95.58"
"1132",19553,"Nestor Somonte","Campo","LotuS","cu","94.90"
"1133",25596,"Steven","Morgan","Sunshine","us","93.48"
"1134",14534,"-","-","GoSu Yoona","us","90.00"
"1135",7799,"Jorge","Romero Osorio","thunderr","es","88.34"
"1136",23140,"-","-","dct","pl","88.28"
"1137",27944,"-","-","Creis","pl","86.48"
"1138",27526,"-","-","ubereem","pl","86.28"
"1139",4159,"Levent","Isyapar","LevenT","de","85.76"
"1140",42328,"-","-","Pocieszny","pl","83.27"
"1141",86742,"Byron","Kirk","Galaxy","gb","81.19"
"1142",86743,"Philipp","Breitenfeld","Deathknight","de","81.19"
"1143",86744,"-","-","Martin","de","81.19"
"1144",86745,"-","-","Smaragd","de","81.19"
"1145",86746,"-","-","Slake","ch","81.19"
"1146",14004,"Bjørnar","Holene","Rhal","no","80.00"
"1147",26980,"-","-","Theoculus","us","80.00"
"1148",26981,"-","-","Jeleto","ca","80.00"
"1149",26982,"-","-","TR4PQU33N","us","80.00"
"1150",60099,"-","-","Sonu","fr","79.80"
"1151",3098,"Vladislav","Morozyuk","blowyourbrain","ru","75.00"
"1152",14439,"Michał","Sobczyk","Xoltro","pl","73.34"
"1153",26618,"-","-","Ryxie","us","70.00"
"1154",65871,"Łukasz","Jakóbiak","GURU","pl","67.92"
"1155",20158,"Felipe","Campanini","Akame","br","67.64"
"1156",3845,"Grzegorz","Muśko","uzer","pl","64.02"
"1157",32775,"-","-","谜团小小","cn","62.88"
"1158",32779,"-","-","x337","cn","62.88"
"1159",32780,"-","-","360安全卫士","cn","62.88"
"1160",32781,"-","-","Huang","cn","62.88"
"1161",32782,"-","-","payday","cn","61.20"
"1162",32783,"-","-","宽哥","cn","61.20"
"1163",14532,"Andrew","Rush","ZPs","us","60.00"
"1164",18951,"Diego","García","Bayus","ar","60.00"
"1165",71078,"Noah","Overby","Noah","us","59.08"
"1166",86637,"-","-","DeagleDan","us","59.08"
"1167",84132,"-","-","Balcer","pl","58.35"
"1168",86629,"-","-","Sartuas","pl","58.35"
"1169",28423,"Billy","Card","Zephyr","gb","56.52"
"1170",28424,"Ben","Middleton","ArmSpaghetti","gb","56.52"
"1171",28425,"Otis","Roberts","WatchDog","gb","56.52"
"1172",28426,"Ash","Dixon","Hadesash","gb","56.52"
"1173",28427,"Chris","Ward","Ward","gb","56.52"
"1174",15743,"Mitch","Sayers","Poom","us","50.00"
"1175",15746,"Joey","Butterfield","Wargreymon","us","50.00"
"1176",15747,"Ryan","Shirey","Pickles","us","50.00"
"1177",17407,"Sung Ho","Kim","HoBO","us","50.00"
"1178",17409,"Nathaniel","Rabinovich","Faliteren","us","50.00"
"1179",17410,"Keith","Fishbein","DoctrineDark","us","50.00"
"1180",17411,"Enoch","Warnke","CarltheLlama","us","50.00"
"1181",27958,"-","-","InTA","pl","50.00"
"1182",27959,"-","-","Sharky","pl","50.00"
"1183",27960,"-","-","AzOuLs","gr","50.00"
"1184",27961,"-","-","Weaser","gr","50.00"
"1185",27962,"-","-","jumaru","gr","50.00"
"1186",27963,"-","-","polovlts","gr","50.00"
"1187",27964,"-","-","zafman","gr","50.00"
"1188",86621,"-","-","Mokka","ca","50.00"
"1189",23131,"-","-","Maximaltime","de","44.68"
"1190",23132,"-","-","GrumpyKitten","lt","44.68"
"1191",23133,"-","-","Staka","nl","44.68"
"1192",23134,"-","-","Stinoo","nl","44.68"
"1193",23136,"-","-","uuii","de","44.68"
"1194",23138,"-","-","aszxcqw","pl","44.68"
"1195",23139,"-","-","Cichy","pl","44.68"
"1196",22250,"-","-","Sheep","de","44.52"
"1197",22247,"-","-","Chacob","gb","44.02"
"1198",27951,"-","-","Sulawzey","fr","43.44"
"1199",27952,"-","-","Scari","fr","43.44"
"1200",27954,"-","-","Tazu","se","43.44"
"1201",27956,"-","-","Miscoj","es","43.44"
"1202",86630,"-","-","Scope0","pl","43.35"
"1203",27947,"-","-","dctrr","pl","42.88"
"1204",42327,"-","-","Speedwagon","pl","41.66"
"1205",42391,"Robert","Surgen","Surgen","pl","41.06"
"1206",1060,"Greg","Fields","IdrA","us","40.00"
"1207",23235,"-","-","Getup","ca","40.00"
"1208",26988,"-","-","GamesChess","us","40.00"
"1209",33745,"-","-","Gromzed","pl","40.00"
"1210",86627,"-","-","Kolatka","pl","37.70"
"1211",17417,"Raúl Cano","Cerveró","Drakyr","es","35.00"
"1212",60101,"-","-","MrPersi","fr","34.20"
"1213",19667,"-","-","Machoke","us","30.00"
"1214",19668,"-","-","Xokks","jm","30.00"
"1215",19669,"-","-","foerest","ca","30.00"
"1216",19670,"-","-","miwa","ca","30.00"
"1217",22868,"-","-","Kero","cl","30.00"
"1218",21421,"Nikodem","Wasilewski","OstryŚwistak","pl","28.09"
"1219",2829,"Mark","Leonardo","ElhayM","ca","23.03"
"1220",15038,"Joshua","Webb","Treebeard","us","23.03"
"1221",52261,"Austin","Ojeda","Cookieman","us","23.03"
"1222",86631,"Anton","Tartinskiy","Rennella","ru","23.03"
"1223",86632,"Nikita","Fedorov","Ekoril","ru","23.03"
"1224",86633,"Evgeniy","Kondrashin","Gunter","ru","23.03"
"1225",86634,"-","-","ImMoRtaL","ru","23.03"
"1226",86635,"-","-","Rav","ru","23.03"
"1227",86638,"Keenan","Fox","Keenan","us","23.03"
"1228",86640,"Joel","Lasagna","BloodSplat","us","23.03"
"1229",86641,"Owen","Wumbleton","Hooberman","us","23.03"
"1230",86642,"Jake","Ryan","ENiGMATiC","us","23.03"
"1231",86643,"Justin","Bennett","CorgiBooty","ca","23.03"
"1232",86644,"Cody","Colt","Satat","us","23.03"
"1233",86645,"-","-","Evasion","us","23.03"
"1234",86646,"-","-","Slyp","us","23.03"
"1235",86647,"-","-","Met","us","23.03"
"1236",86628,"-","-","Sesabos","pl","22.70"
"1237",86650,"-","-","Benji","nl","20.65"
"1238",86652,"-","-","RydzuSA","pl","20.65"
"1239",86653,"-","-","defcioo","pl","20.65"
"1240",3006,"James","Moreland","Atlanta","us","20.00"
"1241",14009,"Lukas","Volkmann","Luvi","de","20.00"
"1242",14012,"Deyan","Dimitrov","Pain","bg","20.00"
"1243",14014,"-","-","Pausnclown","de","20.00"
"1244",14438,"Alberto","Sánchez Ruano","Paltan","es","20.00"
"1245",14441,"-","-","toxifly","pl","20.00"
"1246",14530,"Stephen","Hartnett","Nirak","ca","20.00"
"1247",14533,"-","-","NickHotS","us","20.00"
"1248",15734,"Brett","Hicks","spanker","us","20.00"
"1249",15736,"William","Tang","Clown","us","20.00"
"1250",15737,"Raymond","Miller","echo","us","20.00"
"1251",17552,"-","-","Meuuhd","fr","20.00"
"1252",19073,"Tyler","Entner","Pithx","us","20.00"
"1253",21945,"Nans","M.","Victis","fr","20.00"
"1254",22800,"Dawson","Dittus","Bassdrop","us","20.00"
"1255",23234,"Nick","Wuollett","Nick","us","20.00"
"1256",26617,"-","-","Bebhead","us","20.00"
"1257",26983,"Nicolas","Nogueras","nightmare","us","20.00"
"1258",26984,"Tom","Size","Toejamnearl","us","20.00"
"1259",26987,"-","-","Meadow","us","20.00"
"1260",26989,"-","-","dotod","us","20.00"
"1261",26994,"-","-","DanLeeFor3","us","20.00"
"1262",26995,"-","-","FakerFangirl","ca","20.00"
"1263",47273,"-","-","QuisbY","us","20.00"
"1264",47274,"-","-","Daihuu","us","20.00"
"1265",87030,"-","-","Seatsu","ru","15.00"
"1266",87031,"-","-","bogoos","pl","15.00"
"1267",87032,"-","-","GoreRider","pl","15.00"
"1268",20238,"Mário","Rivera","Mariozito","br","10.55"
"1269",20239,"Joseph","Chelala","Chelala","br","10.55"
"1270",22869,"Andres","Grimmnick","Alstorm","cl","10.00"
"1271",22870,"Samuel","Reyes","Draconis","cl","10.00"
"1272",22871,"Ignacio","Garcés","Protwz","cl","10.00"
"1273",22872,"Eduardo","Guerrero","JamaisVu","cl","10.00"
"1274",22873,"Jerson","Gajardo","icoN","cl","10.00"
"1275",19487,"Luiz","Henrique","tkm","br","6.39"
"1276",20240,"Gustavo","Paco","EiG","br","3.52"
"1277",20241,"-","-","Éricke","br","3.52"
"1278",20242,"Alex","Rocha","Cheetoslol","br","3.52"
